[  
   {  
      "category":"Electronics",
      "productId":1,
      "productName":"Tv",
      "discription":{  
         "companyName":"Sony",
         "modelName":"Sony Bravia",
         "warranty":"2 years"
      },
      "price":45000,
      "productRating":"4* out of 5",
      "offers":"5% Discount",
      "shippingDetails":{  
         "productAvailability":"In Stock",
         "shippingCharges":"75 INR",
         "expectedDelivery":"Within 3 days"
      }
   },
   {  
      "category":"Electronics",
      "productId":3,
      "productName":"Laptop",
      "discription":{  
         "companyName":"Dell",
         "modelName":"i3 6th gen",
         "warranty":"2 years"
      },
      "price":40000,
      "productRating":"4* out of 5",
      "offers":"5% Discount",
      "shippingDetails":{  
         "productAvailability":"Out of Stock",
         "shippingCharges":"675 INR",
         "expectedDelivery":"Within 8 days"
      }
   },
   {  
      "category":"Electronics",
      "productId":2,
      "productName":"Mobile",
      "discription":{  
         "companyName":"Xiomi",
         "modelName":"A15",
         "warranty":"3 years"
      },
      "price":12000,
      "productRating":"4* out of 5",
      "offers":"5% Discount",
      "shippingDetails":{  
         "productAvailability":"In Stock",
         "shippingCharges":"375 INR",
         "expectedDelivery":"Within 4 days"
      }
   },
   {  
      "category":"Books",
      "productId":5,
      "productName":"I too had a love story",
      "discription":{  
         "bookTag":"Romance",
         "bookName":"I too had a love story",
         "authorName":"Ravinder Singh",
         "edition":"2016"
      },
      "price":450,
      "productRating":"3* out of 5",
      "offers":"5% Discount",
      "shippingDetails":{  
         "productAvailability":"Out of Stock",
         "shippingCharges":"375 INR",
         "expectedDelivery":"Within 5 days"
      }
   },
   {  
      "category":"Books",
      "productId":4,
      "productName":"Java book",
      "discription":{  
         "bookTag":"java",
         "bookName":"Java the complete reference",
         "authorName":"herbert shildit",
         "edition":"2016"
      },
      "price":450,
      "productRating":"3* out of 5",
      "offers":"5% Discount",
      "shippingDetails":{  
         "productAvailability":"In Stock",
         "shippingCharges":"275 INR",
         "expectedDelivery":"Within 4 days"
      }
   },
   {  
      "category":"Fashion",
      "productId":6,
      "productName":"Mens casual shirt",
      "discription":{  
         "companyName":"nike",
         "color":"white",
         "type":"casual"
      },
      "price":4500,
      "productRating":"4* out of 5",
      "offers":"55% Discount",
      "shippingDetails":{  
         "productAvailability":"In Stock",
         "shippingCharges":"75 INR",
         "expectedDelivery":"Within 6 days"
      }
   },
   {  
      "category":"Fashion",
      "productId":8,
      "productName":"Womens topwear",
      "discription":{  
         "companyName":"MonteCarlo",
         "color":"black",
         "type":"casual"
      },
      "price":2500,
      "productRating":"4* out of 5",
      "offers":"55% Discount",
      "shippingDetails":{  
         "productAvailability":"In Stock",
         "shippingCharges":"75 INR",
         "expectedDelivery":"Within 6 days"
      }
   }
]